<?xml version="1.0" encoding="ISO-8859-1"?>
<root>
	<item id="spacecss"><![CDATA[#frameM12a68 { border:0px none !important;}#portal_block_114 { border:0px none !important;}#frameOt1666 { border:0px none !important;}#portal_block_115 { border:0px none !important;}#framec1116y { border:0px none !important;}#portal_block_116 { border:0px none !important;}#frameGb86by { border:0px none !important;}#portal_block_117 { border:#000000 0px none !important;}#frameDb1tBX { border:0px none !important;}#portal_block_119 { border:0px none !important;}]]></item>
	<item id="layoutdata">
		<item id="diynavtop"><![CDATA[]]></item>
		<item id="diy1"><![CDATA[]]></item>
		<item id="diy12"><![CDATA[]]></item>
		<item id="diyfastposttop"><![CDATA[]]></item>
		<item id=""><![CDATA[]]></item>
		<item id="diyforumdisplaybottom"><![CDATA[]]></item>
		<item id="diy3">
			<item id="frame`frameM12a68">
				<item id="attr">
					<item id="name"><![CDATA[frameM12a68]]></item>
					<item id="moveable"><![CDATA[true]]></item>
					<item id="className"><![CDATA[cl_frame_bm frame move-span cl frame-1]]></item>
					<item id="titles"><![CDATA[]]></item>
				</item>
				<item id="column`frameM12a68_left">
					<item id="attr">
						<item id="name"><![CDATA[frameM12a68_left]]></item>
						<item id="className"><![CDATA[column frame-1-c]]></item>
					</item>
					<item id="block`portal_block_114">
						<item id="attr">
							<item id="name"><![CDATA[portal_block_114]]></item>
							<item id="className"><![CDATA[cl_block_bm block move-span]]></item>
							<item id="titles">
								<item id="className">
									<item id="0"><![CDATA[blocktitle title]]></item>
								</item>
								<item id="style"><![CDATA[]]></item>
								<item id="first">
									<item id="text"><![CDATA[版块导航]]></item>
									<item id="href"><![CDATA[]]></item>
									<item id="color"><![CDATA[]]></item>
									<item id="float"><![CDATA[]]></item>
									<item id="margin"><![CDATA[]]></item>
									<item id="font-size"><![CDATA[]]></item>
									<item id="className"><![CDATA[titletext]]></item>
									<item id="src"><![CDATA[]]></item>
								</item>
							</item>
						</item>
					</item>
				</item>
			</item>
		</item>
		<item id="diy10">
			<item id="frame`frameDb1tBX">
				<item id="attr">
					<item id="name"><![CDATA[frameDb1tBX]]></item>
					<item id="moveable"><![CDATA[true]]></item>
					<item id="className"><![CDATA[cl_frame_bm frame move-span cl frame-1]]></item>
					<item id="titles"><![CDATA[]]></item>
				</item>
				<item id="column`frameDb1tBX_left">
					<item id="attr">
						<item id="name"><![CDATA[frameDb1tBX_left]]></item>
						<item id="className"><![CDATA[column frame-1-c]]></item>
					</item>
					<item id="block`portal_block_119">
						<item id="attr">
							<item id="name"><![CDATA[portal_block_119]]></item>
							<item id="className"><![CDATA[cl_block_bm block move-span]]></item>
							<item id="titles">
								<item id="className">
									<item id="0"><![CDATA[blocktitle title]]></item>
								</item>
								<item id="style"><![CDATA[]]></item>
								<item id="first">
									<item id="text"><![CDATA[热门活动]]></item>
									<item id="href"><![CDATA[]]></item>
									<item id="color"><![CDATA[]]></item>
									<item id="float"><![CDATA[]]></item>
									<item id="margin"><![CDATA[]]></item>
									<item id="font-size"><![CDATA[]]></item>
									<item id="className"><![CDATA[titletext]]></item>
									<item id="src"><![CDATA[]]></item>
								</item>
							</item>
						</item>
					</item>
				</item>
			</item>
		</item>
		<item id="diy8">
			<item id="frame`frameGb86by">
				<item id="attr">
					<item id="name"><![CDATA[frameGb86by]]></item>
					<item id="moveable"><![CDATA[true]]></item>
					<item id="className"><![CDATA[cl_frame_bm frame move-span cl frame-1]]></item>
					<item id="titles"><![CDATA[]]></item>
				</item>
				<item id="column`frameGb86by_left">
					<item id="attr">
						<item id="name"><![CDATA[frameGb86by_left]]></item>
						<item id="className"><![CDATA[column frame-1-c]]></item>
					</item>
					<item id="block`portal_block_117">
						<item id="attr">
							<item id="name"><![CDATA[portal_block_117]]></item>
							<item id="className"><![CDATA[cl_block_bm block move-span]]></item>
							<item id="titles"><![CDATA[]]></item>
						</item>
					</item>
				</item>
			</item>
		</item>
		<item id="diy4">
			<item id="frame`frameOt1666">
				<item id="attr">
					<item id="name"><![CDATA[frameOt1666]]></item>
					<item id="moveable"><![CDATA[true]]></item>
					<item id="className"><![CDATA[cl_frame_bm frame move-span cl frame-1]]></item>
					<item id="titles"><![CDATA[]]></item>
				</item>
				<item id="column`frameOt1666_left">
					<item id="attr">
						<item id="name"><![CDATA[frameOt1666_left]]></item>
						<item id="className"><![CDATA[column frame-1-c]]></item>
					</item>
					<item id="block`portal_block_115">
						<item id="attr">
							<item id="name"><![CDATA[portal_block_115]]></item>
							<item id="className"><![CDATA[cl_block_bm block move-span]]></item>
							<item id="titles">
								<item id="className">
									<item id="0"><![CDATA[blocktitle title]]></item>
								</item>
								<item id="style"><![CDATA[]]></item>
								<item id="first">
									<item id="text"><![CDATA[热心居民]]></item>
									<item id="href"><![CDATA[]]></item>
									<item id="color"><![CDATA[]]></item>
									<item id="float"><![CDATA[]]></item>
									<item id="margin"><![CDATA[]]></item>
									<item id="font-size"><![CDATA[]]></item>
									<item id="className"><![CDATA[titletext]]></item>
									<item id="src"><![CDATA[]]></item>
								</item>
							</item>
						</item>
					</item>
				</item>
			</item>
		</item>
		<item id="diy5">
			<item id="frame`framec1116y">
				<item id="attr">
					<item id="name"><![CDATA[framec1116y]]></item>
					<item id="moveable"><![CDATA[true]]></item>
					<item id="className"><![CDATA[cl_frame_bm frame move-span cl frame-1]]></item>
					<item id="titles"><![CDATA[]]></item>
				</item>
				<item id="column`framec1116y_left">
					<item id="attr">
						<item id="name"><![CDATA[framec1116y_left]]></item>
						<item id="className"><![CDATA[column frame-1-c]]></item>
					</item>
					<item id="block`portal_block_116">
						<item id="attr">
							<item id="name"><![CDATA[portal_block_116]]></item>
							<item id="className"><![CDATA[cl_block_bm block move-span]]></item>
							<item id="titles">
								<item id="className">
									<item id="0"><![CDATA[blocktitle title]]></item>
								</item>
								<item id="style"><![CDATA[]]></item>
								<item id="first">
									<item id="text"><![CDATA[关注我们]]></item>
									<item id="href"><![CDATA[]]></item>
									<item id="color"><![CDATA[]]></item>
									<item id="float"><![CDATA[]]></item>
									<item id="margin"><![CDATA[]]></item>
									<item id="font-size"><![CDATA[]]></item>
									<item id="className"><![CDATA[titletext]]></item>
									<item id="src"><![CDATA[]]></item>
								</item>
							</item>
						</item>
					</item>
				</item>
			</item>
		</item>
		<item id="diy6"><![CDATA[]]></item>
		<item id="diy7"><![CDATA[]]></item>
		<item id="diy2"><![CDATA[]]></item>
		<item id="diy11"><![CDATA[]]></item>
	</item>
	<item id="blockdata">
		<item id="block">
			<item id="114">
				<item id="bid"><![CDATA[114]]></item>
				<item id="blockclass"><![CDATA[forum_forum]]></item>
				<item id="blocktype"><![CDATA[0]]></item>
				<item id="name"><![CDATA[版块导航]]></item>
				<item id="title"><![CDATA[<div class="blocktitle title"><span style="float:;margin-left:px;font-size:;color: !important;" class="titletext">版块导航</span></div>]]></item>
				<item id="classname"><![CDATA[cl_block_bm]]></item>
				<item id="summary"><![CDATA[]]></item>
				<item id="uid"><![CDATA[1]]></item>
				<item id="username"><![CDATA[admin]]></item>
				<item id="styleid"><![CDATA[7]]></item>
				<item id="blockstyle"><![CDATA[]]></item>
				<item id="picwidth"><![CDATA[0]]></item>
				<item id="picheight"><![CDATA[0]]></item>
				<item id="target"><![CDATA[blank]]></item>
				<item id="dateformat"><![CDATA[Y-m-d]]></item>
				<item id="dateuformat"><![CDATA[0]]></item>
				<item id="script"><![CDATA[forum]]></item>
				<item id="param">
					<item id="fids"><![CDATA[]]></item>
					<item id="titlelength"><![CDATA[40]]></item>
					<item id="summarylength"><![CDATA[80]]></item>
					<item id="orderby"><![CDATA[displayorder]]></item>
					<item id="items"><![CDATA[10]]></item>
				</item>
				<item id="shownum"><![CDATA[10]]></item>
				<item id="cachetime"><![CDATA[3600]]></item>
				<item id="cachetimerange"><![CDATA[]]></item>
				<item id="punctualupdate"><![CDATA[0]]></item>
				<item id="hidedisplay"><![CDATA[0]]></item>
				<item id="dateline"><![CDATA[1432419123]]></item>
				<item id="notinherited"><![CDATA[0]]></item>
				<item id="isblank"><![CDATA[0]]></item>
			</item>
			<item id="115">
				<item id="bid"><![CDATA[115]]></item>
				<item id="blockclass"><![CDATA[member_member]]></item>
				<item id="blocktype"><![CDATA[0]]></item>
				<item id="name"><![CDATA[热心居民]]></item>
				<item id="title"><![CDATA[<div class="blocktitle title"><span style="float:;margin-left:px;font-size:;color: !important;" class="titletext">热心居民</span></div>]]></item>
				<item id="classname"><![CDATA[cl_block_bm]]></item>
				<item id="summary"><![CDATA[]]></item>
				<item id="uid"><![CDATA[1]]></item>
				<item id="username"><![CDATA[admin]]></item>
				<item id="styleid"><![CDATA[0]]></item>
				<item id="blockstyle">
					<item id="name"><![CDATA[]]></item>
					<item id="blockclass"><![CDATA[member_member]]></item>
					<item id="makethumb"><![CDATA[0]]></item>
					<item id="getpic"><![CDATA[0]]></item>
					<item id="getsummary"><![CDATA[0]]></item>
					<item id="settarget"><![CDATA[1]]></item>
					<item id="moreurl"><![CDATA[0]]></item>
					<item id="fields">
						<item id="0"><![CDATA[url]]></item>
						<item id="1"><![CDATA[avatar_middle]]></item>
						<item id="2"><![CDATA[title]]></item>
					</item>
					<item id="template">
						<item id="raw"><![CDATA[<div class="module cl ml mlm">
<ul>
[loop]
<li>
	<a href="{url}" c="1"{target}><img src="{avatar_middle}" width="100" height="100" alt="{title}" /></a>
	<p><a href="{url}" title="{title}"{target}>{title}</a></p>
</li>
[/loop]
</ul>
</div>]]></item>
						<item id="footer"><![CDATA[]]></item>
						<item id="header"><![CDATA[]]></item>
						<item id="indexplus"><![CDATA[
						]]></item>
						<item id="index"><![CDATA[
						]]></item>
						<item id="orderplus"><![CDATA[
						]]></item>
						<item id="order"><![CDATA[
						]]></item>
						<item id="loopplus"><![CDATA[
						]]></item>
						<item id="loop"><![CDATA[<li>
	<a href="{url}" c="1"{target}><img src="{avatar_middle}" width="100" height="100" alt="{title}" /></a>
	<p><a href="{url}" title="{title}"{target}>{title}</a></p>
</li>]]></item>
					</item>
					<item id="hash"><![CDATA[e1f0b8c5]]></item>
				</item>
				<item id="picwidth"><![CDATA[0]]></item>
				<item id="picheight"><![CDATA[0]]></item>
				<item id="target"><![CDATA[blank]]></item>
				<item id="dateformat"><![CDATA[Y-m-d]]></item>
				<item id="dateuformat"><![CDATA[0]]></item>
				<item id="script"><![CDATA[member]]></item>
				<item id="param">
					<item id="uids"><![CDATA[]]></item>
					<item id="special"><![CDATA[]]></item>
					<item id="gender"><![CDATA[]]></item>
					<item id="xbirthprovince"><![CDATA[]]></item>
					<item id="xresideprovince"><![CDATA[]]></item>
					<item id="avatarstatus"><![CDATA[0]]></item>
					<item id="orderby"><![CDATA[credits]]></item>
					<item id="extcredit"><![CDATA[1]]></item>
					<item id="lastpost"><![CDATA[]]></item>
					<item id="startrow"><![CDATA[0]]></item>
					<item id="items"><![CDATA[9]]></item>
				</item>
				<item id="shownum"><![CDATA[9]]></item>
				<item id="cachetime"><![CDATA[3600]]></item>
				<item id="cachetimerange"><![CDATA[]]></item>
				<item id="punctualupdate"><![CDATA[0]]></item>
				<item id="hidedisplay"><![CDATA[0]]></item>
				<item id="dateline"><![CDATA[1432419719]]></item>
				<item id="notinherited"><![CDATA[0]]></item>
				<item id="isblank"><![CDATA[0]]></item>
			</item>
			<item id="116">
				<item id="bid"><![CDATA[116]]></item>
				<item id="blockclass"><![CDATA[html_html]]></item>
				<item id="blocktype"><![CDATA[0]]></item>
				<item id="name"><![CDATA[关注我们]]></item>
				<item id="title"><![CDATA[<div class="blocktitle title"><span style="float:;margin-left:px;font-size:;color: !important;" class="titletext">关注我们</span></div>]]></item>
				<item id="classname"><![CDATA[cl_block_bm]]></item>
				<item id="summary"><![CDATA[<ul class="sns">
<li class="weibo">
<a href="http://www.weibo.com" target="_blank"><span></span>新浪微博</a></li>
<li class="qq">
<a href="http://wpa.qq.com/msgrd?v=3&uin=3230545909&site=qq&menu=yes" target="_blank"><span></span>在线客服</a></li>
<li class="tqq">
<a href="http://t.qq.com" target="_blank"><span></span>腾讯微博</a></li>
</ul>]]></item>
				<item id="uid"><![CDATA[1]]></item>
				<item id="username"><![CDATA[admin]]></item>
				<item id="styleid"><![CDATA[0]]></item>
				<item id="blockstyle"><![CDATA[]]></item>
				<item id="picwidth"><![CDATA[0]]></item>
				<item id="picheight"><![CDATA[0]]></item>
				<item id="target"><![CDATA[blank]]></item>
				<item id="dateformat"><![CDATA[Y-m-d]]></item>
				<item id="dateuformat"><![CDATA[0]]></item>
				<item id="script"><![CDATA[blank]]></item>
				<item id="param">
					<item id="content"><![CDATA[<ul class=\"sns\">
<li class=\"weibo\">
<a href=\"http://www.weibo.com\" target=\"_blank\"><span></span>新浪微博</a></li>
<li class=\"qq\">
<a href=\"http://wpa.qq.com/msgrd?v=3&uin=3230545909&site=qq&menu=yes\" target=\"_blank\"><span></span>在线客服</a></li>
<li class=\"tqq\">
<a href=\"http://t.qq.com\" target=\"_blank\"><span></span>腾讯微博</a></li>
</ul>]]></item>
					<item id="items"><![CDATA[10]]></item>
				</item>
				<item id="shownum"><![CDATA[10]]></item>
				<item id="cachetime"><![CDATA[3600]]></item>
				<item id="cachetimerange"><![CDATA[]]></item>
				<item id="punctualupdate"><![CDATA[0]]></item>
				<item id="hidedisplay"><![CDATA[0]]></item>
				<item id="dateline"><![CDATA[1432419117]]></item>
				<item id="notinherited"><![CDATA[0]]></item>
				<item id="isblank"><![CDATA[0]]></item>
			</item>
			<item id="117">
				<item id="bid"><![CDATA[117]]></item>
				<item id="blockclass"><![CDATA[html_html]]></item>
				<item id="blocktype"><![CDATA[0]]></item>
				<item id="name"><![CDATA[微博秀]]></item>
				<item id="title"><![CDATA[]]></item>
				<item id="classname"><![CDATA[cl_block_bm]]></item>
				<item id="summary"><![CDATA[<iframe width="100%" height="500" class="share_self"  frameborder="0" scrolling="no" src="http://widget.weibo.com/weiboshow/index.php?language=&width=0&height=500&fansRow=1&ptype=1&speed=0&skin=1&isTitle=1&noborder=1&isWeibo=1&isFans=1&uid=1930079027&verifier=49ff9b08&dpc=1"></iframe>]]></item>
				<item id="uid"><![CDATA[1]]></item>
				<item id="username"><![CDATA[admin]]></item>
				<item id="styleid"><![CDATA[0]]></item>
				<item id="blockstyle"><![CDATA[]]></item>
				<item id="picwidth"><![CDATA[0]]></item>
				<item id="picheight"><![CDATA[0]]></item>
				<item id="target"><![CDATA[blank]]></item>
				<item id="dateformat"><![CDATA[Y-m-d]]></item>
				<item id="dateuformat"><![CDATA[0]]></item>
				<item id="script"><![CDATA[blank]]></item>
				<item id="param">
					<item id="content"><![CDATA[<iframe width=\"100%\" height=\"500\" class=\"share_self\"  frameborder=\"0\" scrolling=\"no\" src=\"http://widget.weibo.com/weiboshow/index.php?language=&width=0&height=500&fansRow=1&ptype=1&speed=0&skin=1&isTitle=1&noborder=1&isWeibo=1&isFans=1&uid=1930079027&verifier=49ff9b08&dpc=1\"></iframe>]]></item>
					<item id="items"><![CDATA[10]]></item>
				</item>
				<item id="shownum"><![CDATA[10]]></item>
				<item id="cachetime"><![CDATA[3600]]></item>
				<item id="cachetimerange"><![CDATA[]]></item>
				<item id="punctualupdate"><![CDATA[0]]></item>
				<item id="hidedisplay"><![CDATA[0]]></item>
				<item id="dateline"><![CDATA[1432419115]]></item>
				<item id="notinherited"><![CDATA[0]]></item>
				<item id="isblank"><![CDATA[0]]></item>
			</item>
			<item id="119">
				<item id="bid"><![CDATA[119]]></item>
				<item id="blockclass"><![CDATA[forum_thread]]></item>
				<item id="blocktype"><![CDATA[0]]></item>
				<item id="name"><![CDATA[热门活动]]></item>
				<item id="title"><![CDATA[<div class="blocktitle title"><span style="float:;margin-left:px;font-size:;color: !important;" class="titletext">热门活动</span></div>]]></item>
				<item id="classname"><![CDATA[cl_block_bm]]></item>
				<item id="summary"><![CDATA[]]></item>
				<item id="uid"><![CDATA[1]]></item>
				<item id="username"><![CDATA[admin]]></item>
				<item id="styleid"><![CDATA[0]]></item>
				<item id="blockstyle">
					<item id="name"><![CDATA[]]></item>
					<item id="blockclass"><![CDATA[forum_thread]]></item>
					<item id="makethumb"><![CDATA[1]]></item>
					<item id="getpic"><![CDATA[1]]></item>
					<item id="getsummary"><![CDATA[0]]></item>
					<item id="settarget"><![CDATA[1]]></item>
					<item id="moreurl"><![CDATA[0]]></item>
					<item id="fields">
						<item id="0"><![CDATA[url]]></item>
						<item id="1"><![CDATA[pic]]></item>
						<item id="2"><![CDATA[title]]></item>
						<item id="3"><![CDATA[views]]></item>
					</item>
					<item id="template">
						<item id="raw"><![CDATA[<div class="module cl ml">
<ul>
[loop]
<li style="width: {picwidth}px;">
	<a href="{url}"{target}><img src="{pic}" width="{picwidth}" height="{picheight}" alt="{title}" /></a>
	<div class="act_item">
<a  href="{url}" title="{title}"{target}>参与</a>
<h3>{title}</h3>
<p><i>{views}</i> 人已关注</p>
</div>
</li>
[/loop]
</ul>
</div>]]></item>
						<item id="footer"><![CDATA[]]></item>
						<item id="header"><![CDATA[]]></item>
						<item id="indexplus"><![CDATA[
						]]></item>
						<item id="index"><![CDATA[
						]]></item>
						<item id="orderplus"><![CDATA[
						]]></item>
						<item id="order"><![CDATA[
						]]></item>
						<item id="loopplus"><![CDATA[
						]]></item>
						<item id="loop"><![CDATA[<li style="width: {picwidth}px;">
	<a href="{url}"{target}><img src="{pic}" width="{picwidth}" height="{picheight}" alt="{title}" /></a>
	<div class="act_item">
<a  href="{url}" title="{title}"{target}>参与</a>
<h3>{title}</h3>
<p><i>{views}</i> 人已关注</p>
</div>
</li>]]></item>
					</item>
					<item id="hash"><![CDATA[c96ac638]]></item>
				</item>
				<item id="picwidth"><![CDATA[250]]></item>
				<item id="picheight"><![CDATA[120]]></item>
				<item id="target"><![CDATA[blank]]></item>
				<item id="dateformat"><![CDATA[Y-m-d]]></item>
				<item id="dateuformat"><![CDATA[0]]></item>
				<item id="script"><![CDATA[thread]]></item>
				<item id="param">
					<item id="tids"><![CDATA[]]></item>
					<item id="uids"><![CDATA[]]></item>
					<item id="keyword"><![CDATA[]]></item>
					<item id="tagkeyword"><![CDATA[]]></item>
					<item id="typeids"><![CDATA[]]></item>
					<item id="recommend"><![CDATA[0]]></item>
					<item id="viewmod"><![CDATA[0]]></item>
					<item id="rewardstatus"><![CDATA[0]]></item>
					<item id="picrequired"><![CDATA[1]]></item>
					<item id="orderby"><![CDATA[lastpost]]></item>
					<item id="postdateline"><![CDATA[0]]></item>
					<item id="lastpost"><![CDATA[0]]></item>
					<item id="highlight"><![CDATA[0]]></item>
					<item id="titlelength"><![CDATA[40]]></item>
					<item id="summarylength"><![CDATA[80]]></item>
					<item id="startrow"><![CDATA[0]]></item>
					<item id="items"><![CDATA[3]]></item>
				</item>
				<item id="shownum"><![CDATA[3]]></item>
				<item id="cachetime"><![CDATA[3600]]></item>
				<item id="cachetimerange"><![CDATA[]]></item>
				<item id="punctualupdate"><![CDATA[0]]></item>
				<item id="hidedisplay"><![CDATA[0]]></item>
				<item id="dateline"><![CDATA[1432419114]]></item>
				<item id="notinherited"><![CDATA[0]]></item>
				<item id="isblank"><![CDATA[0]]></item>
			</item>
		</item>
		<item id="style">
			<item id="7">
				<item id="styleid"><![CDATA[7]]></item>
				<item id="blockclass"><![CDATA[forum_forum]]></item>
				<item id="name"><![CDATA[[内置]版块名称（两列）]]></item>
				<item id="template">
					<item id="raw"><![CDATA[<div class="module cl xl xl2">
<ul>
[loop]
<li><a href="{url}" title="{title}"{target}>{title}</a></li>
[/loop]
</ul>
</div>]]></item>
					<item id="footer"><![CDATA[]]></item>
					<item id="header"><![CDATA[]]></item>
					<item id="indexplus">
					</item>
					<item id="index">
					</item>
					<item id="orderplus">
					</item>
					<item id="order">
					</item>
					<item id="loopplus">
					</item>
					<item id="loop"><![CDATA[<li><a href="{url}" title="{title}"{target}>{title}</a></li>]]></item>
				</item>
				<item id="hash"><![CDATA[0e51a193]]></item>
				<item id="getpic"><![CDATA[0]]></item>
				<item id="getsummary"><![CDATA[0]]></item>
				<item id="makethumb"><![CDATA[0]]></item>
				<item id="settarget"><![CDATA[1]]></item>
				<item id="fields">
					<item id="0"><![CDATA[url]]></item>
					<item id="1"><![CDATA[title]]></item>
				</item>
				<item id="moreurl"><![CDATA[0]]></item>
			</item>
		</item>
	</item>
</root>
