<?xml version="1.0" encoding="ISO-8859-1"?>
<root>
	<item id="Title"><![CDATA[Discuz! Style]]></item>
	<item id="Version"><![CDATA[X3.2]]></item>
	<item id="Time"><![CDATA[2015-11-11 18:37]]></item>
	<item id="From"><![CDATA[Discuz! Board (http://localhost:8080/ubox/)]]></item>
	<item id="Data">
		<item id="styleid"><![CDATA[11]]></item>
		<item id="name"><![CDATA[新锐创想轻主题社区手机版]]></item>
		<item id="available"><![CDATA[1]]></item>
		<item id="templateid"><![CDATA[10]]></item>
		<item id="extstyle"><![CDATA[]]></item>
		<item id="tplname"><![CDATA[新锐创想轻主题社区手机版]]></item>
		<item id="directory"><![CDATA[./template/xinrui_iuni_mobile]]></item>
		<item id="copyright"><![CDATA[新锐创想版权所有]]></item>
		<item id="style">
			<item id="available"><![CDATA[]]></item>
			<item id="boardimg"><![CDATA[logo.png]]></item>
			<item id="imgdir"><![CDATA[]]></item>
			<item id="styleimgdir"><![CDATA[template/xinrui_iuni_mobile/images/]]></item>
			<item id="stypeid"><![CDATA[1]]></item>
			<item id="headerbgcolor"><![CDATA[#009e73]]></item>
			<item id="bgcolor"><![CDATA[#e3e5e8]]></item>
			<item id="sidebgcolor"><![CDATA[ vlineb.png repeat-y 0 0]]></item>
			<item id="titlebgcolor"><![CDATA[]]></item>
			<item id="headerborder"><![CDATA[0]]></item>
			<item id="headertext"><![CDATA[#555]]></item>
			<item id="footertext"><![CDATA[#aaa]]></item>
			<item id="font"><![CDATA['Microsoft Yahei',tahoma,arial,'Hiragino Sans GB',\5b8b\4f53,sans-serif]]></item>
			<item id="fontsize"><![CDATA[12px/1.5]]></item>
			<item id="threadtitlefont"><![CDATA['Microsoft Yahei',tahoma,arial,'Hiragino Sans GB',\5b8b\4f53,sans-serif]]></item>
			<item id="threadtitlefontsize"><![CDATA[14px]]></item>
			<item id="smfont"><![CDATA[Tahoma,Helvetica,sans-serif]]></item>
			<item id="smfontsize"><![CDATA[0.83em]]></item>
			<item id="tabletext"><![CDATA[#555]]></item>
			<item id="midtext"><![CDATA[#aaa]]></item>
			<item id="lighttext"><![CDATA[#ccc]]></item>
			<item id="link"><![CDATA[#555]]></item>
			<item id="highlightlink"><![CDATA[#009e73]]></item>
			<item id="lightlink"><![CDATA[#FFF]]></item>
			<item id="wrapbg"><![CDATA[#FFF]]></item>
			<item id="wrapbordercolor"><![CDATA[#dfdfdf]]></item>
			<item id="msgfontsize"><![CDATA[14px]]></item>
			<item id="contentwidth"><![CDATA[630px]]></item>
			<item id="contentseparate"><![CDATA[#C2D5E3]]></item>
			<item id="menubgcolor"><![CDATA[]]></item>
			<item id="menutext"><![CDATA[#fff]]></item>
			<item id="menuhoverbgcolor"><![CDATA[]]></item>
			<item id="menuhovertext"><![CDATA[#fff]]></item>
			<item id="inputborder"><![CDATA[#E0E0E0]]></item>
			<item id="inputborderdarkcolor"><![CDATA[#848484]]></item>
			<item id="inputbg"><![CDATA[#FFF]]></item>
			<item id="dropmenuborder"><![CDATA[#DDD]]></item>
			<item id="dropmenubgcolor"><![CDATA[#FEFEFE]]></item>
			<item id="floatbgcolor"><![CDATA[#FFF]]></item>
			<item id="floatmaskbgcolor"><![CDATA[#000]]></item>
			<item id="commonborder"><![CDATA[#CDCDCD]]></item>
			<item id="commonbg"><![CDATA[#F2F2F2]]></item>
			<item id="specialborder"><![CDATA[#C2D5E3]]></item>
			<item id="specialbg"><![CDATA[#E5EDF2]]></item>
			<item id="noticetext"><![CDATA[#F26C4F]]></item>
		</item>
		<item id="version"><![CDATA[X3.2]]></item>
	</item>
</root>
